{"cameraMode":{"drawMode":0,"name":"Shaded","section":"Shading Mode"},"sceneLighting":true,"audioPlay":false,"sceneViewState":{"m_AlwaysRefresh":false,"showFog":true,"showSkybox":true,"showFlares":true,"showImageEffects":true,"showParticleSystems":true,"showVisualEffectGraphs":true,"m_FxEnabled":true},"in2DMode":false,"pivot":{"x":24.47783088684082,"y":-40.206520080566409,"z":14.283193588256836},"rotation":{"x":0.10759487748146057,"y":0.8488555550575256,"z":-0.18975917994976045,"w":0.48159369826316836},"size":1.9254190921783448,"orthographic":false}