{"cameraMode":{"drawMode":0,"name":"Shaded","section":"Shading Mode"},"sceneLighting":false,"audioPlay":false,"sceneViewState":{"m_AlwaysRefresh":false,"showFog":true,"showSkybox":false,"showFlares":true,"showImageEffects":true,"showParticleSystems":true,"showVisualEffectGraphs":true,"m_FxEnabled":true},"in2DMode":false,"pivot":{"x":16.56702423095703,"y":3.6162197589874269,"z":-6.422292232513428},"rotation":{"x":0.31854963302612307,"y":0.023846127092838289,"z":-0.008079906925559044,"w":0.9475994110107422},"size":2.6162142753601076,"orthographic":false}